-- 1. insert into farms

INSERT INTO farms(farm_id, farm_name, location, farm_type) VALUES (1,'Farm_1','Location_1','Crop');
INSERT INTO farms(farm_id, farm_name, location, farm_type) VALUES (2,'Farm_2','Location_2','Livestock');
INSERT INTO farms(farm_id, farm_name, location, farm_type) VALUES (3,'Farm_3','Location_3','Greenhouse');
INSERT INTO farms(farm_id, farm_name, location, farm_type) VALUES (4,'Farm_4','Location_4','Crop');
INSERT INTO farms(farm_id, farm_name, location, farm_type) VALUES (5,'Farm_5','Location_5','Livestock');
INSERT INTO farms(farm_id, farm_name, location, farm_type) VALUES (6,'Farm_6','Location_6','Greenhouse');
INSERT INTO farms(farm_id, farm_name, location, farm_type) VALUES (7,'Farm_7','Location_7','Crop');
INSERT INTO farms(farm_id, farm_name, location, farm_type) VALUES (8,'Farm_8','Location_8','Livestock');
INSERT INTO farms(farm_id, farm_name, location, farm_type) VALUES (9,'Farm_9','Location_9','Greenhouse');
INSERT INTO farms(farm_id, farm_name, location, farm_type) VALUES (10,'Farm_10','Location_10','Crop');

INSERT INTO farms(farm_id, farm_name, location, farm_type) VALUES (11,'Farm_11','Location_11','Livestock');
INSERT INTO farms(farm_id, farm_name, location, farm_type) VALUES (12,'Farm_12','Location_12','Greenhouse');
INSERT INTO farms(farm_id, farm_name, location, farm_type) VALUES (13,'Farm_13','Location_13','Crop');
INSERT INTO farms(farm_id, farm_name, location, farm_type) VALUES (14,'Farm_14','Location_14','Livestock');
INSERT INTO farms(farm_id, farm_name, location, farm_type) VALUES (15,'Farm_15','Location_15','Greenhouse');
INSERT INTO farms(farm_id, farm_name, location, farm_type) VALUES (16,'Farm_16','Location_16','Crop');
INSERT INTO farms(farm_id, farm_name, location, farm_type) VALUES (17,'Farm_17','Location_17','Livestock');
INSERT INTO farms(farm_id, farm_name, location, farm_type) VALUES (18,'Farm_18','Location_18','Greenhouse');
INSERT INTO farms(farm_id, farm_name, location, farm_type) VALUES (19,'Farm_19','Location_19','Crop');
INSERT INTO farms(farm_id, farm_name, location, farm_type) VALUES (20,'Farm_20','Location_20','Livestock');
INSERT INTO farms(farm_id, farm_name, location, farm_type) VALUES (21,'Farm_21','Location_21','Greenhouse');
INSERT INTO farms(farm_id, farm_name, location, farm_type) VALUES (22,'Farm_22','Location_22','Crop');
INSERT INTO farms(farm_id, farm_name, location, farm_type) VALUES (23,'Farm_23','Location_23','Livestock');
INSERT INTO farms(farm_id, farm_name, location, farm_type) VALUES (24,'Farm_24','Location_24','Greenhouse');
INSERT INTO farms(farm_id, farm_name, location, farm_type) VALUES (25,'Farm_25','Location_25','Crop');
INSERT INTO farms(farm_id, farm_name, location, farm_type) VALUES (26,'Farm_26','Location_26','Livestock');
INSERT INTO farms(farm_id, farm_name, location, farm_type) VALUES (27,'Farm_27','Location_27','Greenhouse');
INSERT INTO farms(farm_id, farm_name, location, farm_type) VALUES (28,'Farm_28','Location_28','Crop');
INSERT INTO farms(farm_id, farm_name, location, farm_type) VALUES (29,'Farm_29','Location_29','Livestock');
INSERT INTO farms(farm_id, farm_name, location, farm_type) VALUES (30,'Farm_30','Location_30','Greenhouse');
INSERT INTO farms(farm_id, farm_name, location, farm_type) VALUES (31,'Farm_31','Location_31','Crop');
INSERT INTO farms(farm_id, farm_name, location, farm_type) VALUES (32,'Farm_32','Location_32','Livestock');
INSERT INTO farms(farm_id, farm_name, location, farm_type) VALUES (33,'Farm_33','Location_33','Greenhouse');
INSERT INTO farms(farm_id, farm_name, location, farm_type) VALUES (34,'Farm_34','Location_34','Crop');
INSERT INTO farms(farm_id, farm_name, location, farm_type) VALUES (35,'Farm_35','Location_35','Livestock');
INSERT INTO farms(farm_id, farm_name, location, farm_type) VALUES (36,'Farm_36','Location_36','Greenhouse');
INSERT INTO farms(farm_id, farm_name, location, farm_type) VALUES (37,'Farm_37','Location_37','Crop');
INSERT INTO farms(farm_id, farm_name, location, farm_type) VALUES (38,'Farm_38','Location_38','Livestock');
INSERT INTO farms(farm_id, farm_name, location, farm_type) VALUES (39,'Farm_39','Location_39','Greenhouse');
INSERT INTO farms(farm_id, farm_name, location, farm_type) VALUES (40,'Farm_40','Location_40','Crop');
INSERT INTO farms(farm_id, farm_name, location, farm_type) VALUES (41,'Farm_41','Location_41','Livestock');
INSERT INTO farms(farm_id, farm_name, location, farm_type) VALUES (42,'Farm_42','Location_42','Greenhouse');
INSERT INTO farms(farm_id, farm_name, location, farm_type) VALUES (43,'Farm_43','Location_43','Crop');
INSERT INTO farms(farm_id, farm_name, location, farm_type) VALUES (44,'Farm_44','Location_44','Livestock');
INSERT INTO farms(farm_id, farm_name, location, farm_type) VALUES (45,'Farm_45','Location_45','Greenhouse');
INSERT INTO farms(farm_id, farm_name, location, farm_type) VALUES (46,'Farm_46','Location_46','Crop');
INSERT INTO farms(farm_id, farm_name, location, farm_type) VALUES (47,'Farm_47','Location_47','Livestock');
INSERT INTO farms(farm_id, farm_name, location, farm_type) VALUES (48,'Farm_48','Location_48','Greenhouse');
INSERT INTO farms(farm_id, farm_name, location, farm_type) VALUES (49,'Farm_49','Location_49','Crop');
INSERT INTO farms(farm_id, farm_name, location, farm_type) VALUES (50,'Farm_50','Location_50','Livestock');
INSERT INTO farms(farm_id, farm_name, location, farm_type) VALUES (51,'Farm_51','Location_51','Greenhouse');
INSERT INTO farms(farm_id, farm_name, location, farm_type) VALUES (52,'Farm_52','Location_52','Crop');
INSERT INTO farms(farm_id, farm_name, location, farm_type) VALUES (53,'Farm_53','Location_53','Livestock');
INSERT INTO farms(farm_id, farm_name, location, farm_type) VALUES (54,'Farm_54','Location_54','Greenhouse');
INSERT INTO farms(farm_id, farm_name, location, farm_type) VALUES (55,'Farm_55','Location_55','Crop');
INSERT INTO farms(farm_id, farm_name, location, farm_type) VALUES (56,'Farm_56','Location_56','Livestock');
INSERT INTO farms(farm_id, farm_name, location, farm_type) VALUES (57,'Farm_57','Location_57','Greenhouse');
INSERT INTO farms(farm_id, farm_name, location, farm_type) VALUES (58,'Farm_58','Location_58','Crop');
INSERT INTO farms(farm_id, farm_name, location, farm_type) VALUES (59,'Farm_59','Location_59','Livestock');
INSERT INTO farms(farm_id, farm_name, location, farm_type) VALUES (60,'Farm_60','Location_60','Greenhouse');
INSERT INTO farms(farm_id, farm_name, location, farm_type) VALUES (61,'Farm_61','Location_61','Crop');
INSERT INTO farms(farm_id, farm_name, location, farm_type) VALUES (62,'Farm_62','Location_62','Livestock');
INSERT INTO farms(farm_id, farm_name, location, farm_type) VALUES (63,'Farm_63','Location_63','Greenhouse');
INSERT INTO farms(farm_id, farm_name, location, farm_type) VALUES (64,'Farm_64','Location_64','Crop');
INSERT INTO farms(farm_id, farm_name, location, farm_type) VALUES (65,'Farm_65','Location_65','Livestock');
INSERT INTO farms(farm_id, farm_name, location, farm_type) VALUES (66,'Farm_66','Location_66','Greenhouse');
INSERT INTO farms(farm_id, farm_name, location, farm_type) VALUES (67,'Farm_67','Location_67','Crop');
INSERT INTO farms(farm_id, farm_name, location, farm_type) VALUES (68,'Farm_68','Location_68','Livestock');
INSERT INTO farms(farm_id, farm_name, location, farm_type) VALUES (69,'Farm_69','Location_69','Greenhouse');
INSERT INTO farms(farm_id, farm_name, location, farm_type) VALUES (70,'Farm_70','Location_70','Crop');
INSERT INTO farms(farm_id, farm_name, location, farm_type) VALUES (71,'Farm_71','Location_71','Livestock');
INSERT INTO farms(farm_id, farm_name, location, farm_type) VALUES (72,'Farm_72','Location_72','Greenhouse');
INSERT INTO farms(farm_id, farm_name, location, farm_type) VALUES (73,'Farm_73','Location_73','Crop');
INSERT INTO farms(farm_id, farm_name, location, farm_type) VALUES (74,'Farm_74','Location_74','Livestock');
INSERT INTO farms(farm_id, farm_name, location, farm_type) VALUES (75,'Farm_75','Location_75','Greenhouse');
INSERT INTO farms(farm_id, farm_name, location, farm_type) VALUES (76,'Farm_76','Location_76','Crop');
INSERT INTO farms(farm_id, farm_name, location, farm_type) VALUES (77,'Farm_77','Location_77','Livestock');
INSERT INTO farms(farm_id, farm_name, location, farm_type) VALUES (78,'Farm_78','Location_78','Greenhouse');
INSERT INTO farms(farm_id, farm_name, location, farm_type) VALUES (79,'Farm_79','Location_79','Crop');
INSERT INTO farms(farm_id, farm_name, location, farm_type) VALUES (80,'Farm_80','Location_80','Livestock');
INSERT INTO farms(farm_id, farm_name, location, farm_type) VALUES (81,'Farm_81','Location_81','Greenhouse');
INSERT INTO farms(farm_id, farm_name, location, farm_type) VALUES (82,'Farm_82','Location_82','Crop');
INSERT INTO farms(farm_id, farm_name, location, farm_type) VALUES (83,'Farm_83','Location_83','Livestock');
INSERT INTO farms(farm_id, farm_name, location, farm_type) VALUES (84,'Farm_84','Location_84','Greenhouse');
INSERT INTO farms(farm_id, farm_name, location, farm_type) VALUES (85,'Farm_85','Location_85','Crop');
INSERT INTO farms(farm_id, farm_name, location, farm_type) VALUES (86,'Farm_86','Location_86','Livestock');
INSERT INTO farms(farm_id, farm_name, location, farm_type) VALUES (87,'Farm_87','Location_87','Greenhouse');
INSERT INTO farms(farm_id, farm_name, location, farm_type) VALUES (88,'Farm_88','Location_88','Crop');
INSERT INTO farms(farm_id, farm_name, location, farm_type) VALUES (89,'Farm_89','Location_89','Livestock');
INSERT INTO farms(farm_id, farm_name, location, farm_type) VALUES (90,'Farm_90','Location_90','Greenhouse');
INSERT INTO farms(farm_id, farm_name, location, farm_type) VALUES (91,'Farm_91','Location_91','Crop');
INSERT INTO farms(farm_id, farm_name, location, farm_type) VALUES (92,'Farm_92','Location_92','Livestock');
INSERT INTO farms(farm_id, farm_name, location, farm_type) VALUES (93,'Farm_93','Location_93','Greenhouse');
INSERT INTO farms(farm_id, farm_name, location, farm_type) VALUES (94,'Farm_94','Location_94','Crop');
INSERT INTO farms(farm_id, farm_name, location, farm_type) VALUES (95,'Farm_95','Location_95','Livestock');
INSERT INTO farms(farm_id, farm_name, location, farm_type) VALUES (96,'Farm_96','Location_96','Greenhouse');
INSERT INTO farms(farm_id, farm_name, location, farm_type) VALUES (97,'Farm_97','Location_97','Crop');
INSERT INTO farms(farm_id, farm_name, location, farm_type) VALUES (98,'Farm_98','Location_98','Livestock');
INSERT INTO farms(farm_id, farm_name, location, farm_type) VALUES (99,'Farm_99','Location_99','Greenhouse');
INSERT INTO farms(farm_id, farm_name, location, farm_type) VALUES (100,'Farm_100','Location_100','Crop');
INSERT INTO farms(farm_id, farm_name, location, farm_type) VALUES (101,'Farm_101','Location_101','Livestock');
INSERT INTO farms(farm_id, farm_name, location, farm_type) VALUES (102,'Farm_102','Location_102','Greenhouse');
INSERT INTO farms(farm_id, farm_name, location, farm_type) VALUES (103,'Farm_103','Location_103','Crop');
INSERT INTO farms(farm_id, farm_name, location, farm_type) VALUES (104,'Farm_104','Location_104','Livestock');
INSERT INTO farms(farm_id, farm_name, location, farm_type) VALUES (105,'Farm_105','Location_105','Greenhouse');
INSERT INTO farms(farm_id, farm_name, location, farm_type) VALUES (106,'Farm_106','Location_106','Crop');
INSERT INTO farms(farm_id, farm_name, location, farm_type) VALUES (107,'Farm_107','Location_107','Livestock');
INSERT INTO farms(farm_id, farm_name, location, farm_type) VALUES (108,'Farm_108','Location_108','Greenhouse');
INSERT INTO farms(farm_id, farm_name, location, farm_type) VALUES (109,'Farm_109','Location_109','Crop');
INSERT INTO farms(farm_id, farm_name, location, farm_type) VALUES (110,'Farm_110','Location_110','Livestock');
INSERT INTO farms(farm_id, farm_name, location, farm_type) VALUES (111,'Farm_111','Location_111','Greenhouse');
INSERT INTO farms(farm_id, farm_name, location, farm_type) VALUES (112,'Farm_112','Location_112','Crop');
INSERT INTO farms(farm_id, farm_name, location, farm_type) VALUES (113,'Farm_113','Location_113','Livestock');
INSERT INTO farms(farm_id, farm_name, location, farm_type) VALUES (114,'Farm_114','Location_114','Greenhouse');
INSERT INTO farms(farm_id, farm_name, location, farm_type) VALUES (115,'Farm_115','Location_115','Crop');
INSERT INTO farms(farm_id, farm_name, location, farm_type) VALUES (116,'Farm_116','Location_116','Livestock');
INSERT INTO farms(farm_id, farm_name, location, farm_type) VALUES (117,'Farm_117','Location_117','Greenhouse');
INSERT INTO farms(farm_id, farm_name, location, farm_type) VALUES (118,'Farm_118','Location_118','Crop');
INSERT INTO farms(farm_id, farm_name, location, farm_type) VALUES (119,'Farm_119','Location_119','Livestock');
INSERT INTO farms(farm_id, farm_name, location, farm_type) VALUES (120,'Farm_120','Location_120','Greenhouse');



---2. insert into farms

INSERT INTO crop_fields(field_id, farm_id, crop_type, planting_date) VALUES (101,1,'Maize',TO_DATE('2025-10-01','YYYY-MM-DD'));
INSERT INTO crop_fields(field_id, farm_id, crop_type, planting_date) VALUES (102,2,'Tomato',TO_DATE('2025-10-02','YYYY-MM-DD'));
INSERT INTO crop_fields(field_id, farm_id, crop_type, planting_date) VALUES (103,3,'Potato',TO_DATE('2025-10-03','YYYY-MM-DD'));
INSERT INTO crop_fields(field_id, farm_id, crop_type, planting_date) VALUES (104,4,'Beans',TO_DATE('2025-10-04','YYYY-MM-DD'));
INSERT INTO crop_fields(field_id, farm_id, crop_type, planting_date) VALUES (105,5,'Wheat',TO_DATE('2025-10-05','YYYY-MM-DD'));
INSERT INTO crop_fields(field_id, farm_id, crop_type, planting_date) VALUES (106,6,'Maize',TO_DATE('2025-10-06','YYYY-MM-DD'));
INSERT INTO crop_fields(field_id, farm_id, crop_type, planting_date) VALUES (107,7,'Tomato',TO_DATE('2025-10-07','YYYY-MM-DD'));
INSERT INTO crop_fields(field_id, farm_id, crop_type, planting_date) VALUES (108,8,'Potato',TO_DATE('2025-10-08','YYYY-MM-DD'));
INSERT INTO crop_fields(field_id, farm_id, crop_type, planting_date) VALUES (109,9,'Beans',TO_DATE('2025-10-09','YYYY-MM-DD'));
INSERT INTO crop_fields(field_id, farm_id, crop_type, planting_date) VALUES (110,10,'Wheat',TO_DATE('2025-10-10','YYYY-MM-DD'));
INSERT INTO crop_fields(field_id, farm_id, crop_type, planting_date) VALUES (111,11,'Maize',TO_DATE('2025-10-11','YYYY-MM-DD'));
INSERT INTO crop_fields(field_id, farm_id, crop_type, planting_date) VALUES (112,12,'Tomato',TO_DATE('2025-10-12','YYYY-MM-DD'));
INSERT INTO crop_fields(field_id, farm_id, crop_type, planting_date) VALUES (113,13,'Potato',TO_DATE('2025-10-13','YYYY-MM-DD'));
INSERT INTO crop_fields(field_id, farm_id, crop_type, planting_date) VALUES (114,14,'Beans',TO_DATE('2025-10-14','YYYY-MM-DD'));
INSERT INTO crop_fields(field_id, farm_id, crop_type, planting_date) VALUES (115,15,'Wheat',TO_DATE('2025-10-15','YYYY-MM-DD'));
INSERT INTO crop_fields(field_id, farm_id, crop_type, planting_date) VALUES (116,16,'Maize',TO_DATE('2025-10-16','YYYY-MM-DD'));
INSERT INTO crop_fields(field_id, farm_id, crop_type, planting_date) VALUES (117,17,'Tomato',TO_DATE('2025-10-17','YYYY-MM-DD'));
INSERT INTO crop_fields(field_id, farm_id, crop_type, planting_date) VALUES (118,18,'Potato',TO_DATE('2025-10-18','YYYY-MM-DD'));
INSERT INTO crop_fields(field_id, farm_id, crop_type, planting_date) VALUES (119,19,'Beans',TO_DATE('2025-10-19','YYYY-MM-DD'));
INSERT INTO crop_fields(field_id, farm_id, crop_type, planting_date) VALUES (120,20,'Wheat',TO_DATE('2025-10-20','YYYY-MM-DD'));
INSERT INTO crop_fields(field_id, farm_id, crop_type, planting_date) VALUES (121,21,'Maize',TO_DATE('2025-10-21','YYYY-MM-DD'));
INSERT INTO crop_fields(field_id, farm_id, crop_type, planting_date) VALUES (122,22,'Tomato',TO_DATE('2025-10-22','YYYY-MM-DD'));
INSERT INTO crop_fields(field_id, farm_id, crop_type, planting_date) VALUES (123,23,'Potato',TO_DATE('2025-10-23','YYYY-MM-DD'));
INSERT INTO crop_fields(field_id, farm_id, crop_type, planting_date) VALUES (124,24,'Beans',TO_DATE('2025-10-24','YYYY-MM-DD'));
INSERT INTO crop_fields(field_id, farm_id, crop_type, planting_date) VALUES (125,25,'Wheat',TO_DATE('2025-10-25','YYYY-MM-DD'));
INSERT INTO crop_fields(field_id, farm_id, crop_type, planting_date) VALUES (126,26,'Maize',TO_DATE('2025-10-26','YYYY-MM-DD'));
INSERT INTO crop_fields(field_id, farm_id, crop_type, planting_date) VALUES (127,27,'Tomato',TO_DATE('2025-10-27','YYYY-MM-DD'));
INSERT INTO crop_fields(field_id, farm_id, crop_type, planting_date) VALUES (128,28,'Potato',TO_DATE('2025-10-28','YYYY-MM-DD'));
INSERT INTO crop_fields(field_id, farm_id, crop_type, planting_date) VALUES (129,29,'Beans',TO_DATE('2025-10-29','YYYY-MM-DD'));
INSERT INTO crop_fields(field_id, farm_id, crop_type, planting_date) VALUES (130,30,'Wheat',TO_DATE('2025-10-30','YYYY-MM-DD'));


---insert into sensors


INSERT INTO sensors(sensor_id, farm_id, sensor_type, status) VALUES (1001,1,'Moisture','Active');
INSERT INTO sensors(sensor_id, farm_id, sensor_type, status) VALUES (1002,2,'Temp','Active');
INSERT INTO sensors(sensor_id, farm_id, sensor_type, status) VALUES (1003,3,'Humidity','Inactive');
INSERT INTO sensors(sensor_id, farm_id, sensor_type, status) VALUES (1004,4,'Pest','Active');
INSERT INTO sensors(sensor_id, farm_id, sensor_type, status) VALUES (1005,5,'Moisture','Inactive');
INSERT INTO sensors(sensor_id, farm_id, sensor_type, status) VALUES (1006,6,'Temp','Active');
INSERT INTO sensors(sensor_id, farm_id, sensor_type, status) VALUES (1007,7,'Humidity','Active');
INSERT INTO sensors(sensor_id, farm_id, sensor_type, status) VALUES (1008,8,'Pest','Inactive');
INSERT INTO sensors(sensor_id, farm_id, sensor_type, status) VALUES (1009,9,'Moisture','Active');
INSERT INTO sensors(sensor_id, farm_id, sensor_type, status) VALUES (1010,10,'Temp','Inactive');
INSERT INTO sensors(sensor_id, farm_id, sensor_type, status) VALUES (1011,11,'Humidity','Active');
INSERT INTO sensors(sensor_id, farm_id, sensor_type, status) VALUES (1012,12,'Pest','Active');
INSERT INTO sensors(sensor_id, farm_id, sensor_type, status) VALUES (1013,13,'Moisture','Inactive');
INSERT INTO sensors(sensor_id, farm_id, sensor_type, status) VALUES (1014,14,'Temp','Active');
INSERT INTO sensors(sensor_id, farm_id, sensor_type, status) VALUES (1015,15,'Humidity','Inactive');
INSERT INTO sensors(sensor_id, farm_id, sensor_type, status) VALUES (1016,16,'Pest','Active');
INSERT INTO sensors(sensor_id, farm_id, sensor_type, status) VALUES (1017,17,'Moisture','Active');
INSERT INTO sensors(sensor_id, farm_id, sensor_type, status) VALUES (1018,18,'Temp','Inactive');
INSERT INTO sensors(sensor_id, farm_id, sensor_type, status) VALUES (1019,19,'Humidity','Active');
INSERT INTO sensors(sensor_id, farm_id, sensor_type, status) VALUES (1020,20,'Pest','Inactive');
INSERT INTO sensors(sensor_id, farm_id, sensor_type, status) VALUES (1021,21,'Moisture','Active');
INSERT INTO sensors(sensor_id, farm_id, sensor_type, status) VALUES (1022,22,'Temp','Active');
INSERT INTO sensors(sensor_id, farm_id, sensor_type, status) VALUES (1023,23,'Humidity','Inactive');
INSERT INTO sensors(sensor_id, farm_id, sensor_type, status) VALUES (1024,24,'Pest','Active');
INSERT INTO sensors(sensor_id, farm_id, sensor_type, status) VALUES (1025,25,'Moisture','Inactive');
INSERT INTO sensors(sensor_id, farm_id, sensor_type, status) VALUES (1026,26,'Temp','Active');
INSERT INTO sensors(sensor_id, farm_id, sensor_type, status) VALUES (1027,27,'Humidity','Active');
INSERT INTO sensors(sensor_id, farm_id, sensor_type, status) VALUES (1028,28,'Pest','Inactive');
INSERT INTO sensors(sensor_id, farm_id, sensor_type, status) VALUES (1029,29,'Moisture','Active');
INSERT INTO sensors(sensor_id, farm_id, sensor_type, status) VALUES (1030,30,'Temp','Inactive');
INSERT INTO sensors(sensor_id, farm_id, sensor_type, status) VALUES (1031,31,'Humidity','Active');
INSERT INTO sensors(sensor_id, farm_id, sensor_type, status) VALUES (1032,32,'Pest','Active');
INSERT INTO sensors(sensor_id, farm_id, sensor_type, status) VALUES (1033,33,'Moisture','Inactive');
INSERT INTO sensors(sensor_id, farm_id, sensor_type, status) VALUES (1034,34,'Temp','Active');
INSERT INTO sensors(sensor_id, farm_id, sensor_type, status) VALUES (1035,35,'Humidity','Inactive');
INSERT INTO sensors(sensor_id, farm_id, sensor_type, status) VALUES (1036,36,'Pest','Active');
INSERT INTO sensors(sensor_id, farm_id, sensor_type, status) VALUES (1037,37,'Moisture','Active');
INSERT INTO sensors(sensor_id, farm_id, sensor_type, status) VALUES (1038,38,'Temp','Inactive');
INSERT INTO sensors(sensor_id, farm_id, sensor_type, status) VALUES (1039,39,'Humidity','Active');
INSERT INTO sensors(sensor_id, farm_id, sensor_type, status) VALUES (1040,40,'Pest','Inactive');
INSERT INTO sensors(sensor_id, farm_id, sensor_type, status) VALUES (1041,41,'Moisture','Active');
INSERT INTO sensors(sensor_id, farm_id, sensor_type, status) VALUES (1042,42,'Temp','Active');
INSERT INTO sensors(sensor_id, farm_id, sensor_type, status) VALUES (1043,43,'Humidity','Inactive');
INSERT INTO sensors(sensor_id, farm_id, sensor_type, status) VALUES (1044,44,'Pest','Active');
INSERT INTO sensors(sensor_id, farm_id, sensor_type, status) VALUES (1045,45,'Moisture','Inactive');
INSERT INTO sensors(sensor_id, farm_id, sensor_type, status) VALUES (1046,46,'Temp','Active');
INSERT INTO sensors(sensor_id, farm_id, sensor_type, status) VALUES (1047,47,'Humidity','Active');
INSERT INTO sensors(sensor_id, farm_id, sensor_type, status) VALUES (1048,48,'Pest','Inactive');
INSERT INTO sensors(sensor_id, farm_id, sensor_type, status) VALUES (1049,49,'Moisture','Active');
INSERT INTO sensors(sensor_id, farm_id, sensor_type, status) VALUES (1050,50,'Temp','Inactive');


--insert into sensor_readings;


INSERT INTO sensor_readings(reading_id, sensor_id, reading_value, reading_date) VALUES (5001,1001,23.5,SYSDATE);
INSERT INTO sensor_readings(reading_id, sensor_id, reading_value, reading_date) VALUES (5002,1002,28.7,SYSDATE-1);
INSERT INTO sensor_readings(reading_id, sensor_id, reading_value, reading_date) VALUES (5003,1003,65.0,SYSDATE-2);
INSERT INTO sensor_readings(reading_id, sensor_id, reading_value, reading_date) VALUES (5004,1004,0,SYSDATE-3);
INSERT INTO sensor_readings(reading_id, sensor_id, reading_value, reading_date) VALUES (5005,1005,45.2,SYSDATE-4);
INSERT INTO sensor_readings(reading_id, sensor_id, reading_value, reading_date) VALUES (5006,1006,30.1,SYSDATE-5);
INSERT INTO sensor_readings(reading_id, sensor_id, reading_value, reading_date) VALUES (5007,1007,55.5,SYSDATE-6);
INSERT INTO sensor_readings(reading_id, sensor_id, reading_value, reading_date) VALUES (5008,1008,40.0,SYSDATE-7);
INSERT INTO sensor_readings(reading_id, sensor_id, reading_value, reading_date) VALUES (5009,1009,50.3,SYSDATE-8);
INSERT INTO sensor_readings(reading_id, sensor_id, reading_value, reading_date) VALUES (5010,1010,22.1,SYSDATE-9);
INSERT INTO sensor_readings(reading_id, sensor_id, reading_value, reading_date) VALUES (5011,1011,25.7,SYSDATE-10);
INSERT INTO sensor_readings(reading_id, sensor_id, reading_value, reading_date) VALUES (5012,1012,31.4,SYSDATE-11);
INSERT INTO sensor_readings(reading_id, sensor_id, reading_value, reading_date) VALUES (5013,1013,60.2,SYSDATE-12);
INSERT INTO sensor_readings(reading_id, sensor_id, reading_value, reading_date) VALUES (5014,1014,2.0,SYSDATE-13);
INSERT INTO sensor_readings(reading_id, sensor_id, reading_value, reading_date) VALUES (5015,1015,48.9,SYSDATE-14);
INSERT INTO sensor_readings(reading_id, sensor_id, reading_value, reading_date) VALUES (5016,1016,29.5,SYSDATE-15);
INSERT INTO sensor_readings(reading_id, sensor_id, reading_value, reading_date) VALUES (5017,1017,52.1,SYSDATE-16);
INSERT INTO sensor_readings(reading_id, sensor_id, reading_value, reading_date) VALUES (5018,1018,43.0,SYSDATE-17);
INSERT INTO sensor_readings(reading_id, sensor_id, reading_value, reading_date) VALUES (5019,1019,51.7,SYSDATE-18);
INSERT INTO sensor_readings(reading_id, sensor_id, reading_value, reading_date) VALUES (5020,1020,24.8,SYSDATE-19);
INSERT INTO sensor_readings(reading_id, sensor_id, reading_value, reading_date) VALUES (5021,1021,27.2,SYSDATE-20);
INSERT INTO sensor_readings(reading_id, sensor_id, reading_value, reading_date) VALUES (5022,1022,33.5,SYSDATE-21);
INSERT INTO sensor_readings(reading_id, sensor_id, reading_value, reading_date) VALUES (5023,1023,62.0,SYSDATE-22);
INSERT INTO sensor_readings(reading_id, sensor_id, reading_value, reading_date) VALUES (5024,1024,1.5,SYSDATE-23);
INSERT INTO sensor_readings(reading_id, sensor_id, reading_value, reading_date) VALUES (5025,1025,46.3,SYSDATE-24);
INSERT INTO sensor_readings(reading_id, sensor_id, reading_value, reading_date) VALUES (5026,1026,31.0,SYSDATE-25);
INSERT INTO sensor_readings(reading_id, sensor_id, reading_value, reading_date) VALUES (5027,1027,53.8,SYSDATE-26);
INSERT INTO sensor_readings(reading_id, sensor_id, reading_value, reading_date) VALUES (5028,1028,41.2,SYSDATE-27);
INSERT INTO sensor_readings(reading_id, sensor_id, reading_value, reading_date) VALUES (5029,1029,49.5,SYSDATE-28);
INSERT INTO sensor_readings(reading_id, sensor_id, reading_value, reading_date) VALUES (5030,1030,23.0,SYSDATE-29);
INSERT INTO sensor_readings(reading_id, sensor_id, reading_value, reading_date) VALUES (5031,1031,26.5,SYSDATE-30);
INSERT INTO sensor_readings(reading_id, sensor_id, reading_value, reading_date) VALUES (5032,1032,32.1,SYSDATE-31);
INSERT INTO sensor_readings(reading_id, sensor_id, reading_value, reading_date) VALUES (5033,1033,61.3,SYSDATE-32);
INSERT INTO sensor_readings(reading_id, sensor_id, reading_value, reading_date) VALUES (5034,1034,0.5,SYSDATE-33);
INSERT INTO sensor_readings(reading_id, sensor_id, reading_value, reading_date) VALUES (5035,1035,47.6,SYSDATE-34);
INSERT INTO sensor_readings(reading_id, sensor_id, reading_value, reading_date) VALUES (5036,1036,30.9,SYSDATE-35);
INSERT INTO sensor_readings(reading_id, sensor_id, reading_value, reading_date) VALUES (5037,1037,54.2,SYSDATE-36);
INSERT INTO sensor_readings(reading_id, sensor_id, reading_value, reading_date) VALUES (5038,1038,42.5,SYSDATE-37);
INSERT INTO sensor_readings(reading_id, sensor_id, reading_value, reading_date) VALUES (5039,1039,50.0,SYSDATE-38);
INSERT INTO sensor_readings(reading_id, sensor_id, reading_value, reading_date) VALUES (5040,1040,22.7,SYSDATE-39);

--insert into irrigation_control

INSERT INTO irrigation_control(irrigation_id, field_id, water_amount_liters, irrigation_status, irrigation_date) VALUES (2001,101,500,'ON',SYSDATE);
INSERT INTO irrigation_control(irrigation_id, field_id, water_amount_liters, irrigation_status, irrigation_date) VALUES (2002,102,0,'OFF',SYSDATE-1);
INSERT INTO irrigation_control(irrigation_id, field_id, water_amount_liters, irrigation_status, irrigation_date) VALUES (2003,103,300,'ON',SYSDATE-2);
INSERT INTO irrigation_control(irrigation_id, field_id, water_amount_liters, irrigation_status, irrigation_date) VALUES (2004,104,0,'OFF',SYSDATE-3);
INSERT INTO irrigation_control(irrigation_id, field_id, water_amount_liters, irrigation_status, irrigation_date) VALUES (2005,105,450,'ON',SYSDATE-4);
INSERT INTO irrigation_control(irrigation_id, field_id, water_amount_liters, irrigation_status, irrigation_date) VALUES (2006,106,0,'OFF',SYSDATE-5);
INSERT INTO irrigation_control(irrigation_id, field_id, water_amount_liters, irrigation_status, irrigation_date) VALUES (2007,107,350,'ON',SYSDATE-6);
INSERT INTO irrigation_control(irrigation_id, field_id, water_amount_liters, irrigation_status, irrigation_date) VALUES (2008,108,0,'OFF',SYSDATE-7);
INSERT INTO irrigation_control(irrigation_id, field_id, water_amount_liters, irrigation_status, irrigation_date) VALUES (2009,109,480,'ON',SYSDATE-8);
INSERT INTO irrigation_control(irrigation_id, field_id, water_amount_liters, irrigation_status, irrigation_date) VALUES (2010,110,0,'OFF',SYSDATE-9);
INSERT INTO irrigation_control(irrigation_id, field_id, water_amount_liters, irrigation_status, irrigation_date) VALUES (2011,111,400,'ON',SYSDATE-10);
INSERT INTO irrigation_control(irrigation_id, field_id, water_amount_liters, irrigation_status, irrigation_date) VALUES (2012,112,0,'OFF',SYSDATE-11);
INSERT INTO irrigation_control(irrigation_id, field_id, water_amount_liters, irrigation_status, irrigation_date) VALUES (2013,113,320,'ON',SYSDATE-12);
INSERT INTO irrigation_control(irrigation_id, field_id, water_amount_liters, irrigation_status, irrigation_date) VALUES (2014,114,0,'OFF',SYSDATE-13);
INSERT INTO irrigation_control(irrigation_id, field_id, water_amount_liters, irrigation_status, irrigation_date) VALUES (2015,115,460,'ON',SYSDATE-14);
INSERT INTO irrigation_control(irrigation_id, field_id, water_amount_liters, irrigation_status, irrigation_date) VALUES (2016,116,0,'OFF',SYSDATE-15);
INSERT INTO irrigation_control(irrigation_id, field_id, water_amount_liters, irrigation_status, irrigation_date) VALUES (2017,117,310,'ON',SYSDATE-16);
INSERT INTO irrigation_control(irrigation_id, field_id, water_amount_liters, irrigation_status, irrigation_date) VALUES (2018,118,0,'OFF',SYSDATE-17);
INSERT INTO irrigation_control(irrigation_id, field_id, water_amount_liters, irrigation_status, irrigation_date) VALUES (2019,119,490,'ON',SYSDATE-18);
INSERT INTO irrigation_control(irrigation_id, field_id, water_amount_liters, irrigation_status, irrigation_date) VALUES (2020,120,0,'OFF',SYSDATE-19);
INSERT INTO irrigation_control(irrigation_id, field_id, water_amount_liters, irrigation_status, irrigation_date) VALUES (2021,121,470,'ON',SYSDATE-20);
INSERT INTO irrigation_control(irrigation_id, field_id, water_amount_liters, irrigation_status, irrigation_date) VALUES (2022,122,0,'OFF',SYSDATE-21);
INSERT INTO irrigation_control(irrigation_id, field_id, water_amount_liters, irrigation_status, irrigation_date) VALUES (2023,123,330,'ON',SYSDATE-22);
INSERT INTO irrigation_control(irrigation_id, field_id, water_amount_liters, irrigation_status, irrigation_date) VALUES (2024,124,0,'OFF',SYSDATE-23);
INSERT INTO irrigation_control(irrigation_id, field_id, water_amount_liters, irrigation_status, irrigation_date) VALUES (2025,125,480,'ON',SYSDATE-24);
INSERT INTO irrigation_control(irrigation_id, field_id, water_amount_liters, irrigation_status, irrigation_date) VALUES (2026,126,0,'OFF',SYSDATE-25);
INSERT INTO irrigation_control(irrigation_id, field_id, water_amount_liters, irrigation_status, irrigation_date) VALUES (2027,127,360,'ON',SYSDATE-26);
INSERT INTO irrigation_control(irrigation_id, field_id, water_amount_liters, irrigation_status, irrigation_date) VALUES (2028,128,0,'OFF',SYSDATE-27);
INSERT INTO irrigation_control(irrigation_id, field_id, water_amount_liters, irrigation_status, irrigation_date) VALUES (2029,129,490,'ON',SYSDATE-28);
INSERT INTO irrigation_control(irrigation_id, field_id, water_amount_liters, irrigation_status, irrigation_date) VALUES (2030,130,0,'OFF',SYSDATE-29);

--INSERT INTO livestock

INSERT INTO livestock(animal_id, farm_id, animal_type, health_status) VALUES (3001,1,'Cow','Healthy');
INSERT INTO livestock(animal_id, farm_id, animal_type, health_status) VALUES (3002,2,'Goat','Sick');
INSERT INTO livestock(animal_id, farm_id, animal_type, health_status) VALUES (3003,3,'Sheep','Healthy');
INSERT INTO livestock(animal_id, farm_id, animal_type, health_status) VALUES (3004,4,'Cow','Healthy');
INSERT INTO livestock(animal_id, farm_id, animal_type, health_status) VALUES (3005,5,'Goat','Sick');

INSERT INTO livestock(animal_id, farm_id, animal_type, health_status) VALUES (3006,6,'Sheep','Healthy');
INSERT INTO livestock(animal_id, farm_id, animal_type, health_status) VALUES (3007,7,'Cow','Sick');
INSERT INTO livestock(animal_id, farm_id, animal_type, health_status) VALUES (3008,8,'Goat','Healthy');
INSERT INTO livestock(animal_id, farm_id, animal_type, health_status) VALUES (3009,9,'Sheep','Sick');
INSERT INTO livestock(animal_id, farm_id, animal_type, health_status) VALUES (3010,10,'Cow','Healthy');
INSERT INTO livestock(animal_id, farm_id, animal_type, health_status) VALUES (3011,11,'Goat','Sick');
INSERT INTO livestock(animal_id, farm_id, animal_type, health_status) VALUES (3012,12,'Sheep','Healthy');
INSERT INTO livestock(animal_id, farm_id, animal_type, health_status) VALUES (3013,13,'Cow','Sick');
INSERT INTO livestock(animal_id, farm_id, animal_type, health_status) VALUES (3014,14,'Goat','Healthy');
INSERT INTO livestock(animal_id, farm_id, animal_type, health_status) VALUES (3015,15,'Sheep','Sick');
INSERT INTO livestock(animal_id, farm_id, animal_type, health_status) VALUES (3016,16,'Cow','Healthy');
INSERT INTO livestock(animal_id, farm_id, animal_type, health_status) VALUES (3017,17,'Goat','Sick');
INSERT INTO livestock(animal_id, farm_id, animal_type, health_status) VALUES (3018,18,'Sheep','Healthy');
INSERT INTO livestock(animal_id, farm_id, animal_type, health_status) VALUES (3019,19,'Cow','Sick');
INSERT INTO livestock(animal_id, farm_id, animal_type, health_status) VALUES (3020,20,'Goat','Healthy');
INSERT INTO livestock(animal_id, farm_id, animal_type, health_status) VALUES (3021,21,'Sheep','Sick');
INSERT INTO livestock(animal_id, farm_id, animal_type, health_status) VALUES (3022,22,'Cow','Healthy');
INSERT INTO livestock(animal_id, farm_id, animal_type, health_status) VALUES (3023,23,'Goat','Sick');
INSERT INTO livestock(animal_id, farm_id, animal_type, health_status) VALUES (3024,24,'Sheep','Healthy');
INSERT INTO livestock(animal_id, farm_id, animal_type, health_status) VALUES (3025,25,'Cow','Sick');
INSERT INTO livestock(animal_id, farm_id, animal_type, health_status) VALUES (3026,26,'Goat','Healthy');
INSERT INTO livestock(animal_id, farm_id, animal_type, health_status) VALUES (3027,27,'Sheep','Sick');
INSERT INTO livestock(animal_id, farm_id, animal_type, health_status) VALUES (3028,28,'Cow','Healthy');
INSERT INTO livestock(animal_id, farm_id, animal_type, health_status) VALUES (3029,29,'Goat','Sick');
INSERT INTO livestock(animal_id, farm_id, animal_type, health_status) VALUES (3030,30,'Sheep','Healthy');
INSERT INTO livestock(animal_id, farm_id, animal_type, health_status) VALUES (3031,31,'Cow','Sick');
INSERT INTO livestock(animal_id, farm_id, animal_type, health_status) VALUES (3032,32,'Goat','Healthy');
INSERT INTO livestock(animal_id, farm_id, animal_type, health_status) VALUES (3033,33,'Sheep','Sick');
INSERT INTO livestock(animal_id, farm_id, animal_type, health_status) VALUES (3034,34,'Cow','Healthy');
INSERT INTO livestock(animal_id, farm_id, animal_type, health_status) VALUES (3035,35,'Goat','Sick');
INSERT INTO livestock(animal_id, farm_id, animal_type, health_status) VALUES (3036,36,'Sheep','Healthy');
-- continue cycling pattern Cow/Goat/Sheep and Healthy/Sick until animal_id = 3150

--livestock_tracking

INSERT INTO livestock_tracking(tracking_id, animal_id, body_temp, location, recorded_date) VALUES (4001,3001,38.2,'Barn A',SYSDATE);
INSERT INTO livestock_tracking(tracking_id, animal_id, body_temp, location, recorded_date) VALUES (4002,3002,39.1,'Field 3',SYSDATE-1);
INSERT INTO livestock_tracking(tracking_id, animal_id, body_temp, location, recorded_date) VALUES (4003,3003,37.8,'Barn B',SYSDATE-2);
INSERT INTO livestock_tracking(tracking_id, animal_id, body_temp, location, recorded_date) VALUES (4004,3004,38.5,'Field 1',SYSDATE-3);
INSERT INTO livestock_tracking(tracking_id, animal_id, body_temp, location, recorded_date) VALUES (4005,3005,37.2,'Barn A',SYSDATE-4);
INSERT INTO livestock_tracking(tracking_id, animal_id, body_temp, location, recorded_date) VALUES (4006,3006,39.0,'Barn B',SYSDATE-5);
INSERT INTO livestock_tracking(tracking_id, animal_id, body_temp, location, recorded_date) VALUES (4007,3007,36.8,'Field 2',SYSDATE-6);
INSERT INTO livestock_tracking(tracking_id, animal_id, body_temp, location, recorded_date) VALUES (4008,3008,38.7,'Field 3',SYSDATE-7);
INSERT INTO livestock_tracking(tracking_id, animal_id, body_temp, location, recorded_date) VALUES (4009,3009,37.5,'Barn A',SYSDATE-8);
INSERT INTO livestock_tracking(tracking_id, animal_id, body_temp, location, recorded_date) VALUES (4010,3010,38.9,'Barn B',SYSDATE-9);
INSERT INTO livestock_tracking(tracking_id, animal_id, body_temp, location, recorded_date) VALUES (4011,3011,37.1,'Field 1',SYSDATE-10);
INSERT INTO livestock_tracking(tracking_id, animal_id, body_temp, location, recorded_date) VALUES (4012,3012,36.7,'Field 2',SYSDATE-11);
INSERT INTO livestock_tracking(tracking_id, animal_id, body_temp, location, recorded_date) VALUES (4013,3013,39.2,'Field 3',SYSDATE-12);
INSERT INTO livestock_tracking(tracking_id, animal_id, body_temp, location, recorded_date) VALUES (4014,3014,37.9,'Barn A',SYSDATE-13);
INSERT INTO livestock_tracking(tracking_id, animal_id, body_temp, location, recorded_date) VALUES (4015,3015,38.4,'Barn B',SYSDATE-14);
INSERT INTO livestock_tracking(tracking_id, animal_id, body_temp, location, recorded_date) VALUES (4016,3016,37.6,'Field 1',SYSDATE-15);
INSERT INTO livestock_tracking(tracking_id, animal_id, body_temp, location, recorded_date) VALUES (4017,3017,38.0,'Field 2',SYSDATE-16);
INSERT INTO livestock_tracking(tracking_id, animal_id, body_temp, location, recorded_date) VALUES (4018,3018,36.9,'Field 3',SYSDATE-17);
INSERT INTO livestock_tracking(tracking_id, animal_id, body_temp, location, recorded_date) VALUES (4019,3019,37.8,'Barn A',SYSDATE-18);
INSERT INTO livestock_tracking(tracking_id, animal_id, body_temp, location, recorded_date) VALUES (4020,3020,39.0,'Barn B',SYSDATE-19);
INSERT INTO livestock_tracking(tracking_id, animal_id, body_temp, location, recorded_date) VALUES (4021,3021,38.3,'Field 1',SYSDATE-20);
INSERT INTO livestock_tracking(tracking_id, animal_id, body_temp, location, recorded_date) VALUES (4022,3022,36.5,'Field 2',SYSDATE-21);
INSERT INTO livestock_tracking(tracking_id, animal_id, body_temp, location, recorded_date) VALUES (4023,3023,37.7,'Field 3',SYSDATE-22);
INSERT INTO livestock_tracking(tracking_id, animal_id, body_temp, location, recorded_date) VALUES (4024,3024,38.1,'Barn A',SYSDATE-23);
INSERT INTO livestock_tracking(tracking_id, animal_id, body_temp, location, recorded_date) VALUES (4025,3025,37.4,'Barn B',SYSDATE-24);
INSERT INTO livestock_tracking(tracking_id, animal_id, body_temp, location, recorded_date) VALUES (4026,3026,38.6,'Field 1',SYSDATE-25);
INSERT INTO livestock_tracking(tracking_id, animal_id, body_temp, location, recorded_date) VALUES (4027,3027,37.0,'Field 2',SYSDATE-26);
INSERT INTO livestock_tracking(tracking_id, animal_id, body_temp, location, recorded_date) VALUES (4028,3028,39.1,'Field 3',SYSDATE-27);
INSERT INTO livestock_tracking(tracking_id, animal_id, body_temp, location, recorded_date) VALUES (4029,3029,36.8,'Barn A',SYSDATE-28);
INSERT INTO livestock_tracking(tracking_id, animal_id, body_temp, location, recorded_date) VALUES (4030,3030,38.2,'Barn B',SYSDATE-29);


---INSERT INTO greenhouse_control

INSERT INTO greenhouse_control(greenhouse_id, farm_id, temperature, humidity, light_status, recorded_date) VALUES (6051,51,26.0,67,'ON',SYSDATE-50);
INSERT INTO greenhouse_control(greenhouse_id, farm_id, temperature, humidity, light_status, recorded_date) VALUES (6052,52,24.3,61,'OFF',SYSDATE-51);
INSERT INTO greenhouse_control(greenhouse_id, farm_id, temperature, humidity, light_status, recorded_date) VALUES (6053,53,27.6,72,'ON',SYSDATE-52);
INSERT INTO greenhouse_control(greenhouse_id, farm_id, temperature, humidity, light_status, recorded_date) VALUES (6054,54,25.4,64,'OFF',SYSDATE-53);
INSERT INTO greenhouse_control(greenhouse_id, farm_id, temperature, humidity, light_status, recorded_date) VALUES (6055,55,28.1,75,'ON',SYSDATE-54);
INSERT INTO greenhouse_control(greenhouse_id, farm_id, temperature, humidity, light_status, recorded_date) VALUES (6056,56,26.3,68,'OFF',SYSDATE-55);
INSERT INTO greenhouse_control(greenhouse_id, farm_id, temperature, humidity, light_status, recorded_date) VALUES (6057,57,24.9,63,'ON',SYSDATE-56);
INSERT INTO greenhouse_control(greenhouse_id, farm_id, temperature, humidity, light_status, recorded_date) VALUES (6058,58,27.2,71,'OFF',SYSDATE-57);
INSERT INTO greenhouse_control(greenhouse_id, farm_id, temperature, humidity, light_status, recorded_date) VALUES (6059,59,25.6,65,'ON',SYSDATE-58);
INSERT INTO greenhouse_control(greenhouse_id, farm_id, temperature, humidity, light_status, recorded_date) VALUES (6060,60,29.0,78,'OFF',SYSDATE-59);
INSERT INTO greenhouse_control(greenhouse_id, farm_id, temperature, humidity, light_status, recorded_date) VALUES (6061,61,26.8,69,'ON',SYSDATE-60);
INSERT INTO greenhouse_control(greenhouse_id, farm_id, temperature, humidity, light_status, recorded_date) VALUES (6062,62,24.7,62,'OFF',SYSDATE-61);
INSERT INTO greenhouse_control(greenhouse_id, farm_id, temperature, humidity, light_status, recorded_date) VALUES (6063,63,27.4,73,'ON',SYSDATE-62);
INSERT INTO greenhouse_control(greenhouse_id, farm_id, temperature, humidity, light_status, recorded_date) VALUES (6064,64,25.1,66,'OFF',SYSDATE-63);
INSERT INTO greenhouse_control(greenhouse_id, farm_id, temperature, humidity, light_status, recorded_date) VALUES (6065,65,28.3,77,'ON',SYSDATE-64);
INSERT INTO greenhouse_control(greenhouse_id, farm_id, temperature, humidity, light_status, recorded_date) VALUES (6066,66,26.2,67,'OFF',SYSDATE-65);
INSERT INTO greenhouse_control(greenhouse_id, farm_id, temperature, humidity, light_status, recorded_date) VALUES (6067,67,24.5,61,'ON',SYSDATE-66);
INSERT INTO greenhouse_control(greenhouse_id, farm_id, temperature, humidity, light_status, recorded_date) VALUES (6068,68,27.0,70,'OFF',SYSDATE-67);
INSERT INTO greenhouse_control(greenhouse_id, farm_id, temperature, humidity, light_status, recorded_date) VALUES (6069,69,25.9,64,'ON',SYSDATE-68);
INSERT INTO greenhouse_control(greenhouse_id, farm_id, temperature, humidity, light_status, recorded_date) VALUES (6070,70,29.2,79,'OFF',SYSDATE-69);
INSERT INTO greenhouse_control(greenhouse_id, farm_id, temperature, humidity, light_status, recorded_date) VALUES (6071,71,26.5,68,'ON',SYSDATE-70);
INSERT INTO greenhouse_control(greenhouse_id, farm_id, temperature, humidity, light_status, recorded_date) VALUES (6072,72,24.6,60,'OFF',SYSDATE-71);
INSERT INTO greenhouse_control(greenhouse_id, farm_id, temperature, humidity, light_status, recorded_date) VALUES (6073,73,27.1,73,'ON',SYSDATE-72);
INSERT INTO greenhouse_control(greenhouse_id, farm_id, temperature, humidity, light_status, recorded_date) VALUES (6074,74,25.3,65,'OFF',SYSDATE-73);
INSERT INTO greenhouse_control(greenhouse_id, farm_id, temperature, humidity, light_status, recorded_date) VALUES (6075,75,28.0,76,'ON',SYSDATE-74);
INSERT INTO greenhouse_control(greenhouse_id, farm_id, temperature, humidity, light_status, recorded_date) VALUES (6076,76,26.7,69,'OFF',SYSDATE-75);
INSERT INTO greenhouse_control(greenhouse_id, farm_id, temperature, humidity, light_status, recorded_date) VALUES (6077,77,24.8,62,'ON',SYSDATE-76);
INSERT INTO greenhouse_control(greenhouse_id, farm_id, temperature, humidity, light_status, recorded_date) VALUES (6078,78,27.3,71,'OFF',SYSDATE-77);
INSERT INTO greenhouse_control(greenhouse_id, farm_id, temperature, humidity, light_status, recorded_date) VALUES (6079,79,25.5,66,'ON',SYSDATE-78);
INSERT INTO greenhouse_control(greenhouse_id, farm_id, temperature, humidity, light_status, recorded_date) VALUES (6080,80,29.1,78,'OFF',SYSDATE-79);
INSERT INTO greenhouse_control(greenhouse_id, farm_id, temperature, humidity, light_status, recorded_date) VALUES (6081,81,26.9,69,'ON',SYSDATE-80);
INSERT INTO greenhouse_control(greenhouse_id, farm_id, temperature, humidity, light_status, recorded_date) VALUES (6082,82,24.4,61,'OFF',SYSDATE-81);
INSERT INTO greenhouse_control(greenhouse_id, farm_id, temperature, humidity, light_status, recorded_date) VALUES (6083,83,27.5,74,'ON',SYSDATE-82);
INSERT INTO greenhouse_control(greenhouse_id, farm_id, temperature, humidity, light_status, recorded_date) VALUES (6084,84,25.2,65,'OFF',SYSDATE-83);
INSERT INTO greenhouse_control(greenhouse_id, farm_id, temperature, humidity, light_status, recorded_date) VALUES (6085,85,28.4,77,'ON',SYSDATE-84);
INSERT INTO greenhouse_control(greenhouse_id, farm_id, temperature, humidity, light_status, recorded_date) VALUES (6086,86,26.3,67,'OFF',SYSDATE-85);
INSERT INTO greenhouse_control(greenhouse_id, farm_id, temperature, humidity, light_status, recorded_date) VALUES (6087,87,24.7,62,'ON',SYSDATE-86);
INSERT INTO greenhouse_control(greenhouse_id, farm_id, temperature, humidity, light_status, recorded_date) VALUES (6088,88,27.0,70,'OFF',SYSDATE-87);
INSERT INTO greenhouse_control(greenhouse_id, farm_id, temperature, humidity, light_status, recorded_date) VALUES (6089,89,25.8,64,'ON',SYSDATE-88);
INSERT INTO greenhouse_control(greenhouse_id, farm_id, temperature, humidity, light_status, recorded_date) VALUES (6090,90,29.3,79,'OFF',SYSDATE-89);
INSERT INTO greenhouse_control(greenhouse_id, farm_id, temperature, humidity, light_status, recorded_date) VALUES (6091,91,26.4,68,'ON',SYSDATE-90);
INSERT INTO greenhouse_control(greenhouse_id, farm_id, temperature, humidity, light_status, recorded_date) VALUES (6092,92,24.5,61,'OFF',SYSDATE-91);
INSERT INTO greenhouse_control(greenhouse_id, farm_id, temperature, humidity, light_status, recorded_date) VALUES (6093,93,27.2,72,'ON',SYSDATE-92);
INSERT INTO greenhouse_control(greenhouse_id, farm_id, temperature, humidity, light_status, recorded_date) VALUES (6094,94,25.1,65,'OFF',SYSDATE-93);
INSERT INTO greenhouse_control(greenhouse_id, farm_id, temperature, humidity, light_status, recorded_date) VALUES (6095,95,28.1,76,'ON',SYSDATE-94);
INSERT INTO greenhouse_control(greenhouse_id, farm_id, temperature, humidity, light_status, recorded_date) VALUES (6096,96,26.6,69,'OFF',SYSDATE-95);
INSERT INTO greenhouse_control(greenhouse_id, farm_id, temperature, humidity, light_status, recorded_date) VALUES (6097,97,24.9,63,'ON',SYSDATE-96);
INSERT INTO greenhouse_control(greenhouse_id, farm_id, temperature, humidity, light_status, recorded_date) VALUES (6098,98,27.4,71,'OFF',SYSDATE-97);
INSERT INTO greenhouse_control(greenhouse_id, farm_id, temperature, humidity, light_status, recorded_date) VALUES (6099,99,25.7,65,'ON',SYSDATE-98);
INSERT INTO greenhouse_control(greenhouse_id, farm_id, temperature, humidity, light_status, recorded_date) VALUES (6100,100,29.0,78,'OFF',SYSDATE-99);

INSERT INTO greenhouse_control(greenhouse_id, farm_id, temperature, humidity, light_status, recorded_date) VALUES (6051,51,26.0,67,'ON',SYSDATE-50);
INSERT INTO greenhouse_control(greenhouse_id, farm_id, temperature, humidity, light_status, recorded_date) VALUES (6052,52,24.3,61,'OFF',SYSDATE-51);
INSERT INTO greenhouse_control(greenhouse_id, farm_id, temperature, humidity, light_status, recorded_date) VALUES (6053,53,27.6,72,'ON',SYSDATE-52);
INSERT INTO greenhouse_control(greenhouse_id, farm_id, temperature, humidity, light_status, recorded_date) VALUES (6054,54,25.4,64,'OFF',SYSDATE-53);
INSERT INTO greenhouse_control(greenhouse_id, farm_id, temperature, humidity, light_status, recorded_date) VALUES (6055,55,28.1,75,'ON',SYSDATE-54);
INSERT INTO greenhouse_control(greenhouse_id, farm_id, temperature, humidity, light_status, recorded_date) VALUES (6056,56,26.3,68,'OFF',SYSDATE-55);
INSERT INTO greenhouse_control(greenhouse_id, farm_id, temperature, humidity, light_status, recorded_date) VALUES (6057,57,24.9,63,'ON',SYSDATE-56);
INSERT INTO greenhouse_control(greenhouse_id, farm_id, temperature, humidity, light_status, recorded_date) VALUES (6058,58,27.2,71,'OFF',SYSDATE-57);
INSERT INTO greenhouse_control(greenhouse_id, farm_id, temperature, humidity, light_status, recorded_date) VALUES (6059,59,25.6,65,'ON',SYSDATE-58);
INSERT INTO greenhouse_control(greenhouse_id, farm_id, temperature, humidity, light_status, recorded_date) VALUES (6060,60,29.0,78,'OFF',SYSDATE-59);
INSERT INTO greenhouse_control(greenhouse_id, farm_id, temperature, humidity, light_status, recorded_date) VALUES (6061,61,26.8,69,'ON',SYSDATE-60);
INSERT INTO greenhouse_control(greenhouse_id, farm_id, temperature, humidity, light_status, recorded_date) VALUES (6062,62,24.7,62,'OFF',SYSDATE-61);
INSERT INTO greenhouse_control(greenhouse_id, farm_id, temperature, humidity, light_status, recorded_date) VALUES (6063,63,27.4,73,'ON',SYSDATE-62);
INSERT INTO greenhouse_control(greenhouse_id, farm_id, temperature, humidity, light_status, recorded_date) VALUES (6064,64,25.1,66,'OFF',SYSDATE-63);
INSERT INTO greenhouse_control(greenhouse_id, farm_id, temperature, humidity, light_status, recorded_date) VALUES (6065,65,28.3,77,'ON',SYSDATE-64);
INSERT INTO greenhouse_control(greenhouse_id, farm_id, temperature, humidity, light_status, recorded_date) VALUES (6066,66,26.2,67,'OFF',SYSDATE-65);
INSERT INTO greenhouse_control(greenhouse_id, farm_id, temperature, humidity, light_status, recorded_date) VALUES (6067,67,24.5,61,'ON',SYSDATE-66);
INSERT INTO greenhouse_control(greenhouse_id, farm_id, temperature, humidity, light_status, recorded_date) VALUES (6068,68,27.0,70,'OFF',SYSDATE-67);
INSERT INTO greenhouse_control(greenhouse_id, farm_id, temperature, humidity, light_status, recorded_date) VALUES (6069,69,25.9,64,'ON',SYSDATE-68);
INSERT INTO greenhouse_control(greenhouse_id, farm_id, temperature, humidity, light_status, recorded_date) VALUES (6070,70,29.2,79,'OFF',SYSDATE-69);
INSERT INTO greenhouse_control(greenhouse_id, farm_id, temperature, humidity, light_status, recorded_date) VALUES (6071,71,26.5,68,'ON',SYSDATE-70);
INSERT INTO greenhouse_control(greenhouse_id, farm_id, temperature, humidity, light_status, recorded_date) VALUES (6072,72,24.6,60,'OFF',SYSDATE-71);
INSERT INTO greenhouse_control(greenhouse_id, farm_id, temperature, humidity, light_status, recorded_date) VALUES (6073,73,27.1,73,'ON',SYSDATE-72);
INSERT INTO greenhouse_control(greenhouse_id, farm_id, temperature, humidity, light_status, recorded_date) VALUES (6074,74,25.3,65,'OFF',SYSDATE-73);
INSERT INTO greenhouse_control(greenhouse_id, farm_id, temperature, humidity, light_status, recorded_date) VALUES (6075,75,28.0,76,'ON',SYSDATE-74);
INSERT INTO greenhouse_control(greenhouse_id, farm_id, temperature, humidity, light_status, recorded_date) VALUES (6076,76,26.7,69,'OFF',SYSDATE-75);
INSERT INTO greenhouse_control(greenhouse_id, farm_id, temperature, humidity, light_status, recorded_date) VALUES (6077,77,24.8,62,'ON',SYSDATE-76);
INSERT INTO greenhouse_control(greenhouse_id, farm_id, temperature, humidity, light_status, recorded_date) VALUES (6078,78,27.3,71,'OFF',SYSDATE-77);
INSERT INTO greenhouse_control(greenhouse_id, farm_id, temperature, humidity, light_status, recorded_date) VALUES (6079,79,25.5,66,'ON',SYSDATE-78);
INSERT INTO greenhouse_control(greenhouse_id, farm_id, temperature, humidity, light_status, recorded_date) VALUES (6080,80,29.1,78,'OFF',SYSDATE-79);
INSERT INTO greenhouse_control(greenhouse_id, farm_id, temperature, humidity, light_status, recorded_date) VALUES (6081,81,26.9,69,'ON',SYSDATE-80);
INSERT INTO greenhouse_control(greenhouse_id, farm_id, temperature, humidity, light_status, recorded_date) VALUES (6082,82,24.4,61,'OFF',SYSDATE-81);
INSERT INTO greenhouse_control(greenhouse_id, farm_id, temperature, humidity, light_status, recorded_date) VALUES (6083,83,27.5,74,'ON',SYSDATE-82);
INSERT INTO greenhouse_control(greenhouse_id, farm_id, temperature, humidity, light_status, recorded_date) VALUES (6084,84,25.2,65,'OFF',SYSDATE-83);
INSERT INTO greenhouse_control(greenhouse_id, farm_id, temperature, humidity, light_status, recorded_date) VALUES (6085,85,28.4,77,'ON',SYSDATE-84);
INSERT INTO greenhouse_control(greenhouse_id, farm_id, temperature, humidity, light_status, recorded_date) VALUES (6086,86,26.3,67,'OFF',SYSDATE-85);
INSERT INTO greenhouse_control(greenhouse_id, farm_id, temperature, humidity, light_status, recorded_date) VALUES (6087,87,24.7,62,'ON',SYSDATE-86);
INSERT INTO greenhouse_control(greenhouse_id, farm_id, temperature, humidity, light_status, recorded_date) VALUES (6088,88,27.0,70,'OFF',SYSDATE-87);
INSERT INTO greenhouse_control(greenhouse_id, farm_id, temperature, humidity, light_status, recorded_date) VALUES (6089,89,25.8,64,'ON',SYSDATE-88);
INSERT INTO greenhouse_control(greenhouse_id, farm_id, temperature, humidity, light_status, recorded_date) VALUES (6090,90,29.3,79,'OFF',SYSDATE-89);
INSERT INTO greenhouse_control(greenhouse_id, farm_id, temperature, humidity, light_status, recorded_date) VALUES (6091,91,26.4,68,'ON',SYSDATE-90);
INSERT INTO greenhouse_control(greenhouse_id, farm_id, temperature, humidity, light_status, recorded_date) VALUES (6092,92,24.5,61,'OFF',SYSDATE-91);
INSERT INTO greenhouse_control(greenhouse_id, farm_id, temperature, humidity, light_status, recorded_date) VALUES (6093,93,27.2,72,'ON',SYSDATE-92);
INSERT INTO greenhouse_control(greenhouse_id, farm_id, temperature, humidity, light_status, recorded_date) VALUES (6094,94,25.1,65,'OFF',SYSDATE-93);
INSERT INTO greenhouse_control(greenhouse_id, farm_id, temperature, humidity, light_status, recorded_date) VALUES (6095,95,28.1,76,'ON',SYSDATE-94);
INSERT INTO greenhouse_control(greenhouse_id, farm_id, temperature, humidity, light_status, recorded_date) VALUES (6096,96,26.6,69,'OFF',SYSDATE-95);
INSERT INTO greenhouse_control(greenhouse_id, farm_id, temperature, humidity, light_status, recorded_date) VALUES (6097,97,24.9,63,'ON',SYSDATE-96);
INSERT INTO greenhouse_control(greenhouse_id, farm_id, temperature, humidity, light_status, recorded_date) VALUES (6098,98,27.4,71,'OFF',SYSDATE-97);
INSERT INTO greenhouse_control(greenhouse_id, farm_id, temperature, humidity, light_status, recorded_date) VALUES (6099,99,25.7,65,'ON',SYSDATE-98);
INSERT INTO greenhouse_control(greenhouse_id, farm_id, temperature, humidity, light_status, recorded_date) VALUES (6100,100,29.0,78,'OFF',SYSDATE-99);


INSERT INTO greenhouse_control(greenhouse_id, farm_id, temperature, humidity, light_status, recorded_date) VALUES (6051,51,26.0,67,'ON',SYSDATE-50);
INSERT INTO greenhouse_control(greenhouse_id, farm_id, temperature, humidity, light_status, recorded_date) VALUES (6052,52,24.3,61,'OFF',SYSDATE-51);
INSERT INTO greenhouse_control(greenhouse_id, farm_id, temperature, humidity, light_status, recorded_date) VALUES (6053,53,27.6,72,'ON',SYSDATE-52);
INSERT INTO greenhouse_control(greenhouse_id, farm_id, temperature, humidity, light_status, recorded_date) VALUES (6054,54,25.4,64,'OFF',SYSDATE-53);
INSERT INTO greenhouse_control(greenhouse_id, farm_id, temperature, humidity, light_status, recorded_date) VALUES (6055,55,28.1,75,'ON',SYSDATE-54);
INSERT INTO greenhouse_control(greenhouse_id, farm_id, temperature, humidity, light_status, recorded_date) VALUES (6056,56,26.3,68,'OFF',SYSDATE-55);
INSERT INTO greenhouse_control(greenhouse_id, farm_id, temperature, humidity, light_status, recorded_date) VALUES (6057,57,24.9,63,'ON',SYSDATE-56);
INSERT INTO greenhouse_control(greenhouse_id, farm_id, temperature, humidity, light_status, recorded_date) VALUES (6058,58,27.2,71,'OFF',SYSDATE-57);
INSERT INTO greenhouse_control(greenhouse_id, farm_id, temperature, humidity, light_status, recorded_date) VALUES (6059,59,25.6,65,'ON',SYSDATE-58);
INSERT INTO greenhouse_control(greenhouse_id, farm_id, temperature, humidity, light_status, recorded_date) VALUES (6060,60,29.0,78,'OFF',SYSDATE-59);
INSERT INTO greenhouse_control(greenhouse_id, farm_id, temperature, humidity, light_status, recorded_date) VALUES (6061,61,26.8,69,'ON',SYSDATE-60);
INSERT INTO greenhouse_control(greenhouse_id, farm_id, temperature, humidity, light_status, recorded_date) VALUES (6062,62,24.7,62,'OFF',SYSDATE-61);
INSERT INTO greenhouse_control(greenhouse_id, farm_id, temperature, humidity, light_status, recorded_date) VALUES (6063,63,27.4,73,'ON',SYSDATE-62);
INSERT INTO greenhouse_control(greenhouse_id, farm_id, temperature, humidity, light_status, recorded_date) VALUES (6064,64,25.1,66,'OFF',SYSDATE-63);
INSERT INTO greenhouse_control(greenhouse_id, farm_id, temperature, humidity, light_status, recorded_date) VALUES (6065,65,28.3,77,'ON',SYSDATE-64);
INSERT INTO greenhouse_control(greenhouse_id, farm_id, temperature, humidity, light_status, recorded_date) VALUES (6066,66,26.2,67,'OFF',SYSDATE-65);
INSERT INTO greenhouse_control(greenhouse_id, farm_id, temperature, humidity, light_status, recorded_date) VALUES (6067,67,24.5,61,'ON',SYSDATE-66);
INSERT INTO greenhouse_control(greenhouse_id, farm_id, temperature, humidity, light_status, recorded_date) VALUES (6068,68,27.0,70,'OFF',SYSDATE-67);
INSERT INTO greenhouse_control(greenhouse_id, farm_id, temperature, humidity, light_status, recorded_date) VALUES (6069,69,25.9,64,'ON',SYSDATE-68);
INSERT INTO greenhouse_control(greenhouse_id, farm_id, temperature, humidity, light_status, recorded_date) VALUES (6070,70,29.2,79,'OFF',SYSDATE-69);
INSERT INTO greenhouse_control(greenhouse_id, farm_id, temperature, humidity, light_status, recorded_date) VALUES (6071,71,26.5,68,'ON',SYSDATE-70);
INSERT INTO greenhouse_control(greenhouse_id, farm_id, temperature, humidity, light_status, recorded_date) VALUES (6072,72,24.6,60,'OFF',SYSDATE-71);
INSERT INTO greenhouse_control(greenhouse_id, farm_id, temperature, humidity, light_status, recorded_date) VALUES (6073,73,27.1,73,'ON',SYSDATE-72);
INSERT INTO greenhouse_control(greenhouse_id, farm_id, temperature, humidity, light_status, recorded_date) VALUES (6074,74,25.3,65,'OFF',SYSDATE-73);
INSERT INTO greenhouse_control(greenhouse_id, farm_id, temperature, humidity, light_status, recorded_date) VALUES (6075,75,28.0,76,'ON',SYSDATE-74);
INSERT INTO greenhouse_control(greenhouse_id, farm_id, temperature, humidity, light_status, recorded_date) VALUES (6076,76,26.7,69,'OFF',SYSDATE-75);
INSERT INTO greenhouse_control(greenhouse_id, farm_id, temperature, humidity, light_status, recorded_date) VALUES (6077,77,24.8,62,'ON',SYSDATE-76);
INSERT INTO greenhouse_control(greenhouse_id, farm_id, temperature, humidity, light_status, recorded_date) VALUES (6078,78,27.3,71,'OFF',SYSDATE-77);
INSERT INTO greenhouse_control(greenhouse_id, farm_id, temperature, humidity, light_status, recorded_date) VALUES (6079,79,25.5,66,'ON',SYSDATE-78);
INSERT INTO greenhouse_control(greenhouse_id, farm_id, temperature, humidity, light_status, recorded_date) VALUES (6080,80,29.1,78,'OFF',SYSDATE-79);
INSERT INTO greenhouse_control(greenhouse_id, farm_id, temperature, humidity, light_status, recorded_date) VALUES (6081,81,26.9,69,'ON',SYSDATE-80);
INSERT INTO greenhouse_control(greenhouse_id, farm_id, temperature, humidity, light_status, recorded_date) VALUES (6082,82,24.4,61,'OFF',SYSDATE-81);
INSERT INTO greenhouse_control(greenhouse_id, farm_id, temperature, humidity, light_status, recorded_date) VALUES (6083,83,27.5,74,'ON',SYSDATE-82);
INSERT INTO greenhouse_control(greenhouse_id, farm_id, temperature, humidity, light_status, recorded_date) VALUES (6084,84,25.2,65,'OFF',SYSDATE-83);
INSERT INTO greenhouse_control(greenhouse_id, farm_id, temperature, humidity, light_status, recorded_date) VALUES (6085,85,28.4,77,'ON',SYSDATE-84);
INSERT INTO greenhouse_control(greenhouse_id, farm_id, temperature, humidity, light_status, recorded_date) VALUES (6086,86,26.3,67,'OFF',SYSDATE-85);
INSERT INTO greenhouse_control(greenhouse_id, farm_id, temperature, humidity, light_status, recorded_date) VALUES (6087,87,24.7,62,'ON',SYSDATE-86);
INSERT INTO greenhouse_control(greenhouse_id, farm_id, temperature, humidity, light_status, recorded_date) VALUES (6088,88,27.0,70,'OFF',SYSDATE-87);
INSERT INTO greenhouse_control(greenhouse_id, farm_id, temperature, humidity, light_status, recorded_date) VALUES (6089,89,25.8,64,'ON',SYSDATE-88);
INSERT INTO greenhouse_control(greenhouse_id, farm_id, temperature, humidity, light_status, recorded_date) VALUES (6090,90,29.3,79,'OFF',SYSDATE-89);
INSERT INTO greenhouse_control(greenhouse_id, farm_id, temperature, humidity, light_status, recorded_date) VALUES (6091,91,26.4,68,'ON',SYSDATE-90);
INSERT INTO greenhouse_control(greenhouse_id, farm_id, temperature, humidity, light_status, recorded_date) VALUES (6092,92,24.5,61,'OFF',SYSDATE-91);
INSERT INTO greenhouse_control(greenhouse_id, farm_id, temperature, humidity, light_status, recorded_date) VALUES (6093,93,27.2,72,'ON',SYSDATE-92);
INSERT INTO greenhouse_control(greenhouse_id, farm_id, temperature, humidity, light_status, recorded_date) VALUES (6094,94,25.1,65,'OFF',SYSDATE-93);
INSERT INTO greenhouse_control(greenhouse_id, farm_id, temperature, humidity, light_status, recorded_date) VALUES (6095,95,28.1,76,'ON',SYSDATE-94);
INSERT INTO greenhouse_control(greenhouse_id, farm_id, temperature, humidity, light_status, recorded_date) VALUES (6096,96,26.6,69,'OFF',SYSDATE-95);
INSERT INTO greenhouse_control(greenhouse_id, farm_id, temperature, humidity, light_status, recorded_date) VALUES (6097,97,24.9,63,'ON',SYSDATE-96);
INSERT INTO greenhouse_control(greenhouse_id, farm_id, temperature, humidity, light_status, recorded_date) VALUES (6098,98,27.4,71,'OFF',SYSDATE-97);
INSERT INTO greenhouse_control(greenhouse_id, farm_id, temperature, humidity, light_status, recorded_date) VALUES (6099,99,25.7,65,'ON',SYSDATE-98);
INSERT INTO greenhouse_control(greenhouse_id, farm_id, temperature, humidity, light_status, recorded_date) VALUES (6100,100,29.0,78,'OFF',SYSDATE-99);


INSERT INTO greenhouse_control(greenhouse_id, farm_id, temperature, humidity, light_status, recorded_date) VALUES (6151,31,26.5,69,'ON',SYSDATE-150);
INSERT INTO greenhouse_control(greenhouse_id, farm_id, temperature, humidity, light_status, recorded_date) VALUES (6152,32,24.7,63,'OFF',SYSDATE-151);
INSERT INTO greenhouse_control(greenhouse_id, farm_id, temperature, humidity, light_status, recorded_date) VALUES (6153,33,27.3,72,'ON',SYSDATE-152);
INSERT INTO greenhouse_control(greenhouse_id, farm_id, temperature, humidity, light_status, recorded_date) VALUES (6154,34,25.6,66,'OFF',SYSDATE-153);
INSERT INTO greenhouse_control(greenhouse_id, farm_id, temperature, humidity, light_status, recorded_date) VALUES (6155,35,28.1,77,'ON',SYSDATE-154);
INSERT INTO greenhouse_control(greenhouse_id, farm_id, temperature, humidity, light_status, recorded_date) VALUES (6156,36,26.2,68,'OFF',SYSDATE-155);
INSERT INTO greenhouse_control(greenhouse_id, farm_id, temperature, humidity, light_status, recorded_date) VALUES (6157,37,24.8,62,'ON',SYSDATE-156);
INSERT INTO greenhouse_control(greenhouse_id, farm_id, temperature, humidity, light_status, recorded_date) VALUES (6158,38,27.0,71,'OFF',SYSDATE-157);
INSERT INTO greenhouse_control(greenhouse_id, farm_id, temperature, humidity, light_status, recorded_date) VALUES (6159,39,25.4,65,'ON',SYSDATE-158);
INSERT INTO greenhouse_control(greenhouse_id, farm_id, temperature, humidity, light_status, recorded_date) VALUES (6160,40,29.2,78,'OFF',SYSDATE-159);
INSERT INTO greenhouse_control(greenhouse_id, farm_id, temperature, humidity, light_status, recorded_date) VALUES (6161,41,26.0,67,'ON',SYSDATE-160);
INSERT INTO greenhouse_control(greenhouse_id, farm_id, temperature, humidity, light_status, recorded_date) VALUES (6162,42,24.9,63,'OFF',SYSDATE-161);
INSERT INTO greenhouse_control(greenhouse_id, farm_id, temperature, humidity, light_status, recorded_date) VALUES (6163,43,27.5,73,'ON',SYSDATE-162);
INSERT INTO greenhouse_control(greenhouse_id, farm_id, temperature, humidity, light_status, recorded_date) VALUES (6164,44,25.3,64,'OFF',SYSDATE-163);
INSERT INTO greenhouse_control(greenhouse_id, farm_id, temperature, humidity, light_status, recorded_date) VALUES (6165,45,28.0,76,'ON',SYSDATE-164);
INSERT INTO greenhouse_control(greenhouse_id, farm_id, temperature, humidity, light_status, recorded_date) VALUES (6166,46,26.4,68,'OFF',SYSDATE-165);
INSERT INTO greenhouse_control(greenhouse_id, farm_id, temperature, humidity, light_status, recorded_date) VALUES (6167,47,24.7,61,'ON',SYSDATE-166);
INSERT INTO greenhouse_control(greenhouse_id, farm_id, temperature, humidity, light_status, recorded_date) VALUES (6168,48,27.1,72,'OFF',SYSDATE-167);
INSERT INTO greenhouse_control(greenhouse_id, farm_id, temperature, humidity, light_status, recorded_date) VALUES (6169,49,25.5,65,'ON',SYSDATE-168);
INSERT INTO greenhouse_control(greenhouse_id, farm_id, temperature, humidity, light_status, recorded_date) VALUES (6170,50,29.0,79,'OFF',SYSDATE-169);
INSERT INTO greenhouse_control(greenhouse_id, farm_id, temperature, humidity, light_status, recorded_date) VALUES (6171,51,26.3,67,'ON',SYSDATE-170);
INSERT INTO greenhouse_control(greenhouse_id, farm_id, temperature, humidity, light_status, recorded_date) VALUES (6172,52,24.6,62,'OFF',SYSDATE-171);
INSERT INTO greenhouse_control(greenhouse_id, farm_id, temperature, humidity, light_status, recorded_date) VALUES (6173,53,27.2,71,'ON',SYSDATE-172);
INSERT INTO greenhouse_control(greenhouse_id, farm_id, temperature, humidity, light_status, recorded_date) VALUES (6174,54,25.4,65,'OFF',SYSDATE-173);
INSERT INTO greenhouse_control(greenhouse_id, farm_id, temperature, humidity, light_status, recorded_date) VALUES (6175,55,28.3,77,'ON',SYSDATE-174);
INSERT INTO greenhouse_control(greenhouse_id, farm_id, temperature, humidity, light_status, recorded_date) VALUES (6176,56,26.1,68,'OFF',SYSDATE-175);
INSERT INTO greenhouse_control(greenhouse_id, farm_id, temperature, humidity, light_status, recorded_date) VALUES (6177,57,24.9,63,'ON',SYSDATE-176);
INSERT INTO greenhouse_control(greenhouse_id, farm_id, temperature, humidity, light_status, recorded_date) VALUES (6178,58,27.0,70,'OFF',SYSDATE-177);
INSERT INTO greenhouse_control(greenhouse_id, farm_id, temperature, humidity, light_status, recorded_date) VALUES (6179,59,25.6,65,'ON',SYSDATE-178);
INSERT INTO greenhouse_control(greenhouse_id, farm_id, temperature, humidity, light_status, recorded_date) VALUES (6180,60,29.1,78,'OFF',SYSDATE-179);
INSERT INTO greenhouse_control(greenhouse_id, farm_id, temperature, humidity, light_status, recorded_date) VALUES (6181,61,26.2,67,'ON',SYSDATE-180);
INSERT INTO greenhouse_control(greenhouse_id, farm_id, temperature, humidity, light_status, recorded_date) VALUES (6182,62,24.8,62,'OFF',SYSDATE-181);
INSERT INTO greenhouse_control(greenhouse_id, farm_id, temperature, humidity, light_status, recorded_date) VALUES (6183,63,27.4,71,'ON',SYSDATE-182);
INSERT INTO greenhouse_control(greenhouse_id, farm_id, temperature, humidity, light_status, recorded_date) VALUES (6184,64,25.5,66,'OFF',SYSDATE-183);
INSERT INTO greenhouse_control(greenhouse_id, farm_id, temperature, humidity, light_status, recorded_date) VALUES (6185,65,28.0,76,'ON',SYSDATE-184);
INSERT INTO greenhouse_control(greenhouse_id, farm_id, temperature, humidity, light_status, recorded_date) VALUES (6186,66,26.3,68,'OFF',SYSDATE-185);
INSERT INTO greenhouse_control(greenhouse_id, farm_id, temperature, humidity, light_status, recorded_date) VALUES (6187,67,24.7,62,'ON',SYSDATE-186);
INSERT INTO greenhouse_control(greenhouse_id, farm_id, temperature, humidity, light_status, recorded_date) VALUES (6188,68,27.1,71,'OFF',SYSDATE-187);
INSERT INTO greenhouse_control(greenhouse_id, farm_id, temperature, humidity, light_status, recorded_date) VALUES (6189,69,25.4,65,'ON',SYSDATE-188);
INSERT INTO greenhouse_control(greenhouse_id, farm_id, temperature, humidity, light_status, recorded_date) VALUES (6190,70,29.3,79,'OFF',SYSDATE-189);
INSERT INTO greenhouse_control(greenhouse_id, farm_id, temperature, humidity, light_status, recorded_date) VALUES (6191,71,26.1,67,'ON',SYSDATE-190);
INSERT INTO greenhouse_control(greenhouse_id, farm_id, temperature, humidity, light_status, recorded_date) VALUES (6192,72,24.6,62,'OFF',SYSDATE-191);
INSERT INTO greenhouse_control(greenhouse_id, farm_id, temperature, humidity, light_status, recorded_date) VALUES (6193,73,27.2,71,'ON',SYSDATE-192);
INSERT INTO greenhouse_control(greenhouse_id, farm_id, temperature, humidity, light_status, recorded_date) VALUES (6194,74,25.4,65,'OFF',SYSDATE-193);
INSERT INTO greenhouse_control(greenhouse_id, farm_id, temperature, humidity, light_status, recorded_date) VALUES (6195,75,28.1,77,'ON',SYSDATE-194);
INSERT INTO greenhouse_control(greenhouse_id, farm_id, temperature, humidity, light_status, recorded_date) VALUES (6196,76,26.4,68,'OFF',SYSDATE-195);
INSERT INTO greenhouse_control(greenhouse_id, farm_id, temperature, humidity, light_status, recorded_date) VALUES (6197,77,24.9,63,'ON',SYSDATE-196);
INSERT INTO greenhouse_control(greenhouse_id, farm_id, temperature, humidity, light_status, recorded_date) VALUES (6198,78,27.0,70,'OFF',SYSDATE-197);
INSERT INTO greenhouse_control(greenhouse_id, farm_id, temperature, humidity, light_status, recorded_date) VALUES (6199,79,25.5,65,'ON',SYSDATE-198);
INSERT INTO greenhouse_control(greenhouse_id, farm_id, temperature, humidity, light_status, recorded_date) VALUES (6200,80,29.0,78,'OFF',SYSDATE-199);


 






